breed,weight_kg,age_yr,activity,neutered,allergies,symptoms,conditions,kcal,pct_protein,pct_fat,pct_carb,meal_name,ingredients
great dane,35,9,low,1,wheat,soft stool,arthritis,1341,37,20,43,Chicken & Sweet Potato,"salmon, zucchini, dairy"
beagle,34,4,high,0,chicken,dry skin,heart disease,1877,34,27,39,Paneer & Veg Mix,"carrot, beans, rice"
rottweiler,52,12,medium,0,dairy,itchy paws,heart disease,1677,25,39,36,Tofu & Veggie Stew,"quinoa, turkey, beef"
beagle,22,10,low,0,wheat,soft stool,heart disease,2449,26,35,39,Beef & Barley,"oats, tofu, chicken"
dachshund,59,11,medium,1,none,none,obesity,1724,36,32,32,Salmon & Brown Rice,"beef, chicken, quinoa"
poodle,21,10,high,0,wheat,none,heart disease,1377,25,37,38,Chicken & Sweet Potato,"oats, rice, dairy"
beagle,42,14,high,1,fish,diarrhea,diabetes,1638,27,39,34,Chicken & Sweet Potato,"barley, lentils, quinoa"
dachshund,18,9,high,0,none,diarrhea,diabetes,2194,31,29,40,Egg & Pumpkin Mix,"quinoa, potato, dairy"
labrador retriever,27,4,low,0,dairy,soft stool,allergies,2077,33,31,36,Mackerel & Quinoa,"beef, quinoa, oats"
boxer,29,10,low,0,wheat,itchy paws,none,1258,31,20,49,Paneer & Veg Mix,"mackerel, zucchini, rice"
beagle,19,10,high,0,beef,soft stool,heart disease,1591,29,29,42,Tofu & Veggie Stew,"chicken, salmon, beef"
labrador retriever,50,10,low,1,dairy,itchy paws,heart disease,1968,39,28,33,Tofu & Veggie Stew,"beef, barley, chicken"
german shepherd,26,9,high,0,wheat,itchy paws,arthritis,944,34,22,44,Turkey & Rice Bowl,"carrot, pumpkin, turkey"
doberman,7,11,low,1,fish,none,obesity,1849,26,38,36,Mackerel & Quinoa,"pumpkin, spinach, lentils"
yorkshire terrier,59,7,high,1,chicken,none,none,2369,28,28,44,Chicken & Sweet Potato,"lamb, egg, beans"
rottweiler,23,2,medium,0,chicken,none,allergies,1207,29,29,42,Duck & Lentils,"carrot, lamb, rice"
german shepherd,48,9,high,0,beef,dry skin,none,1101,29,38,33,Egg & Pumpkin Mix,"peas, potato, quinoa"
german shepherd,38,4,high,1,dairy,none,heart disease,2146,35,35,30,Beef & Barley,"potato, carrot, egg"
dachshund,39,8,low,1,fish,vomiting,arthritis,2403,26,37,37,Egg & Pumpkin Mix,"egg, barley, peas"
great dane,54,14,low,0,wheat,diarrhea,obesity,1882,24,33,43,Chicken & Sweet Potato,"salmon, oats, beans"
great dane,5,7,low,0,wheat,diarrhea,allergies,644,22,22,56,Turkey & Rice Bowl,"egg, salmon, peas"
poodle,56,13,low,0,chicken,itchy paws,none,774,37,21,42,Salmon & Brown Rice,"beef, beans, lentils"
bulldog,25,7,low,0,fish,diarrhea,allergies,1008,30,20,50,Tofu & Veggie Stew,"spinach, potato, lentils"
boxer,33,8,low,0,none,waxy ears,heart disease,1702,34,37,29,Beef & Barley,"zucchini, potato, barley"
poodle,10,1,medium,1,beef,itchy paws,allergies,1252,39,28,33,Mackerel & Quinoa,"chicken, tofu, dairy"
dachshund,41,5,high,0,chicken,diarrhea,arthritis,2361,24,32,44,Chicken & Sweet Potato,"potato, beef, spinach"
siberian husky,5,2,high,0,chicken,waxy ears,allergies,2354,31,21,48,Paneer & Veg Mix,"beans, tofu, rice"
rottweiler,55,2,high,1,beef,dry skin,diabetes,976,23,26,51,Duck & Lentils,"lentils, zucchini, quinoa"
pomeranian,5,1,medium,0,dairy,diarrhea,arthritis,2366,34,35,31,Egg & Pumpkin Mix,"beef, potato, quinoa"
boxer,31,5,high,0,wheat,waxy ears,none,2499,28,38,34,Turkey & Rice Bowl,"peas, barley, zucchini"
boxer,25,2,medium,1,dairy,soft stool,obesity,1937,26,34,40,Salmon & Brown Rice,"peas, beans, barley"
shih tzu,57,4,medium,0,fish,vomiting,obesity,1676,29,30,41,Lamb & Oats,"barley, rice, lamb"
dachshund,20,3,medium,1,none,soft stool,heart disease,1627,32,20,48,Duck & Lentils,"dairy, beans, pumpkin"
golden retriever,48,3,high,0,soy,waxy ears,heart disease,1598,27,26,47,Chicken & Sweet Potato,"zucchini, pumpkin, lentils"
german shepherd,58,2,medium,0,soy,itchy paws,diabetes,1651,31,39,30,Salmon & Brown Rice,"turkey, salmon, mackerel"
doberman,44,13,high,0,soy,none,none,2234,38,27,35,Duck & Lentils,"spinach, zucchini, lamb"
yorkshire terrier,30,6,high,1,beef,none,obesity,1165,20,29,51,Duck & Lentils,"rice, mackerel, potato"
golden retriever,20,2,low,1,chicken,none,obesity,1067,35,24,41,Tofu & Veggie Stew,"carrot, barley, rice"
great dane,32,14,low,1,none,itchy paws,obesity,2313,36,28,36,Duck & Lentils,"carrot, zucchini, dairy"
dachshund,5,14,medium,1,dairy,diarrhea,obesity,1868,37,20,43,Paneer & Veg Mix,"beef, dairy, egg"
pomeranian,40,8,medium,0,wheat,none,allergies,1030,30,21,49,Salmon & Brown Rice,"salmon, rice, chicken"
pomeranian,14,8,high,1,soy,soft stool,none,658,37,38,25,Chicken & Sweet Potato,"peas, spinach, oats"
golden retriever,47,13,medium,1,dairy,itchy paws,arthritis,2061,26,33,41,Chicken & Sweet Potato,"zucchini, pumpkin, turkey"
pomeranian,21,14,medium,1,soy,itchy paws,arthritis,1949,37,39,24,Paneer & Veg Mix,"potato, quinoa, beef"
yorkshire terrier,27,12,high,0,none,none,diabetes,1180,27,29,44,Mackerel & Quinoa,"turkey, pumpkin, oats"
dachshund,11,5,medium,0,soy,soft stool,allergies,522,25,28,47,Salmon & Brown Rice,"beans, potato, egg"
great dane,48,10,medium,1,wheat,dry skin,obesity,1570,26,29,45,Duck & Lentils,"barley, chicken, tofu"
dachshund,57,7,high,1,fish,itchy paws,obesity,1024,29,25,46,Turkey & Rice Bowl,"oats, peas, turkey"
boxer,11,4,high,0,fish,none,heart disease,1228,30,36,34,Beef & Barley,"chicken, beef, potato"
golden retriever,48,1,low,1,none,vomiting,heart disease,2357,32,25,43,Salmon & Brown Rice,"egg, potato, turkey"
labrador retriever,19,11,high,1,fish,waxy ears,diabetes,2229,28,23,49,Lamb & Oats,"rice, salmon, oats"
pomeranian,38,2,low,1,beef,diarrhea,obesity,643,26,39,35,Turkey & Rice Bowl,"tofu, peas, spinach"
beagle,50,10,medium,1,chicken,itchy paws,diabetes,2108,28,22,50,Paneer & Veg Mix,"salmon, beef, rice"
dachshund,49,10,high,0,beef,vomiting,allergies,1167,32,38,30,Duck & Lentils,"salmon, carrot, spinach"
golden retriever,8,4,high,0,dairy,vomiting,arthritis,2112,22,37,41,Mackerel & Quinoa,"pumpkin, barley, lamb"
bulldog,18,1,high,0,beef,itchy paws,obesity,1942,22,23,55,Lamb & Oats,"potato, carrot, tofu"
rottweiler,18,13,medium,1,dairy,dry skin,none,1180,20,27,53,Mackerel & Quinoa,"mackerel, lentils, tofu"
bulldog,20,8,low,1,dairy,waxy ears,allergies,1472,39,36,25,Mackerel & Quinoa,"barley, oats, lentils"
golden retriever,11,9,medium,0,chicken,diarrhea,obesity,1298,21,24,55,Egg & Pumpkin Mix,"mackerel, lentils, quinoa"
pomeranian,36,4,medium,0,wheat,itchy paws,none,584,22,32,46,Tofu & Veggie Stew,"turkey, beans, dairy"
german shepherd,23,10,high,0,none,diarrhea,heart disease,915,34,20,46,Lamb & Oats,"barley, dairy, lentils"
pomeranian,6,3,low,1,chicken,soft stool,diabetes,1193,25,32,43,Beef & Barley,"barley, tofu, quinoa"
german shepherd,14,2,medium,0,none,vomiting,heart disease,981,32,23,45,Tofu & Veggie Stew,"egg, peas, pumpkin"
great dane,54,5,high,1,fish,vomiting,arthritis,955,20,33,47,Lamb & Oats,"pumpkin, turkey, beans"
great dane,21,14,medium,1,fish,itchy paws,heart disease,1326,39,22,39,Mackerel & Quinoa,"potato, peas, lentils"
golden retriever,41,3,medium,0,beef,itchy paws,obesity,796,38,24,38,Tofu & Veggie Stew,"peas, pumpkin, oats"
boxer,16,10,high,0,dairy,soft stool,none,1635,20,26,54,Lamb & Oats,"egg, lentils, peas"
great dane,10,7,high,1,soy,dry skin,heart disease,2485,21,20,59,Beef & Barley,"tofu, quinoa, lamb"
boxer,26,11,low,0,soy,itchy paws,obesity,1753,34,31,35,Turkey & Rice Bowl,"quinoa, beans, tofu"
great dane,36,6,medium,0,none,vomiting,arthritis,1619,33,30,37,Salmon & Brown Rice,"carrot, peas, mackerel"
pomeranian,45,1,high,1,dairy,diarrhea,none,1449,38,27,35,Duck & Lentils,"carrot, barley, turkey"
dachshund,24,12,high,1,none,waxy ears,heart disease,1179,30,25,45,Lamb & Oats,"potato, lentils, oats"
yorkshire terrier,5,8,low,1,chicken,none,diabetes,877,34,21,45,Beef & Barley,"turkey, beef, potato"
beagle,58,2,low,1,wheat,diarrhea,diabetes,1679,25,38,37,Salmon & Brown Rice,"egg, chicken, lamb"
pomeranian,51,5,high,1,chicken,dry skin,none,920,39,39,22,Tofu & Veggie Stew,"potato, egg, beans"
shih tzu,57,9,low,0,dairy,waxy ears,diabetes,604,28,39,33,Lamb & Oats,"carrot, potato, dairy"
dachshund,10,8,high,1,dairy,diarrhea,heart disease,2228,24,33,43,Lamb & Oats,"pumpkin, zucchini, potato"
shih tzu,23,2,medium,1,wheat,diarrhea,heart disease,829,39,20,41,Paneer & Veg Mix,"potato, quinoa, salmon"
bulldog,22,9,low,1,none,soft stool,none,938,21,29,50,Lamb & Oats,"beans, quinoa, mackerel"
siberian husky,10,5,medium,0,beef,none,heart disease,1655,25,35,40,Duck & Lentils,"rice, beans, tofu"
beagle,49,10,medium,1,beef,dry skin,obesity,2390,37,23,40,Paneer & Veg Mix,"carrot, beef, spinach"
bulldog,37,14,medium,1,wheat,vomiting,arthritis,881,38,30,32,Salmon & Brown Rice,"barley, beef, beans"
great dane,27,6,high,1,beef,soft stool,diabetes,637,28,35,37,Tofu & Veggie Stew,"egg, pumpkin, potato"
boxer,27,13,medium,0,soy,waxy ears,obesity,1442,25,39,36,Tofu & Veggie Stew,"dairy, salmon, zucchini"
great dane,30,3,medium,1,beef,none,none,1342,33,20,47,Chicken & Sweet Potato,"zucchini, beans, tofu"
golden retriever,17,13,medium,1,beef,vomiting,diabetes,769,32,35,33,Chicken & Sweet Potato,"lamb, quinoa, pumpkin"
yorkshire terrier,11,3,high,1,beef,soft stool,obesity,2073,30,38,32,Salmon & Brown Rice,"zucchini, lentils, tofu"
great dane,19,10,medium,0,soy,none,heart disease,895,31,28,41,Egg & Pumpkin Mix,"potato, barley, beef"
doberman,48,8,medium,0,none,dry skin,none,2080,38,28,34,Beef & Barley,"quinoa, lamb, barley"
bulldog,31,11,low,0,beef,itchy paws,none,1412,38,28,34,Egg & Pumpkin Mix,"lamb, dairy, mackerel"
boxer,30,10,high,0,fish,itchy paws,diabetes,963,38,36,26,Beef & Barley,"beef, spinach, rice"
doberman,37,10,medium,1,soy,waxy ears,heart disease,2198,32,31,37,Paneer & Veg Mix,"turkey, oats, peas"
yorkshire terrier,19,12,low,1,wheat,itchy paws,diabetes,949,33,32,35,Salmon & Brown Rice,"mackerel, egg, lentils"
dachshund,40,2,high,0,chicken,soft stool,allergies,1854,37,27,36,Beef & Barley,"lentils, rice, mackerel"
golden retriever,49,11,high,0,wheat,waxy ears,obesity,1776,31,35,34,Chicken & Sweet Potato,"salmon, lamb, dairy"
rottweiler,59,12,high,1,chicken,vomiting,allergies,2204,23,37,40,Chicken & Sweet Potato,"turkey, beef, potato"
german shepherd,31,12,high,1,wheat,dry skin,obesity,2486,29,20,51,Mackerel & Quinoa,"mackerel, chicken, tofu"
poodle,9,2,high,0,fish,waxy ears,arthritis,1808,36,20,44,Beef & Barley,"quinoa, carrot, pumpkin"
yorkshire terrier,6,13,high,0,chicken,vomiting,none,1797,23,31,46,Salmon & Brown Rice,"mackerel, quinoa, lamb"
doberman,59,5,medium,0,chicken,waxy ears,diabetes,519,31,25,44,Turkey & Rice Bowl,"beef, spinach, mackerel"
rottweiler,37,6,medium,0,dairy,diarrhea,arthritis,738,32,28,40,Paneer & Veg Mix,"barley, oats, carrot"
rottweiler,20,12,medium,1,chicken,diarrhea,arthritis,1793,23,24,53,Lamb & Oats,"tofu, chicken, salmon"
yorkshire terrier,27,2,medium,0,chicken,waxy ears,none,917,29,35,36,Lamb & Oats,"peas, beans, lentils"
rottweiler,42,5,low,0,dairy,none,none,2468,22,37,41,Beef & Barley,"pumpkin, barley, oats"
bulldog,59,7,medium,1,beef,itchy paws,obesity,1833,34,36,30,Egg & Pumpkin Mix,"beef, salmon, spinach"
rottweiler,20,10,high,1,beef,diarrhea,allergies,1554,21,37,42,Paneer & Veg Mix,"beef, quinoa, egg"
great dane,18,10,medium,1,dairy,none,heart disease,2349,36,20,44,Tofu & Veggie Stew,"dairy, barley, potato"
shih tzu,33,8,medium,1,soy,none,obesity,1627,25,38,37,Duck & Lentils,"oats, zucchini, rice"
boxer,30,12,high,1,chicken,dry skin,heart disease,2205,27,27,46,Lamb & Oats,"tofu, lamb, chicken"
beagle,39,7,medium,0,chicken,vomiting,arthritis,685,22,22,56,Chicken & Sweet Potato,"beef, barley, carrot"
bulldog,19,8,medium,0,dairy,soft stool,heart disease,1651,37,24,39,Paneer & Veg Mix,"zucchini, quinoa, lamb"
rottweiler,7,14,medium,0,dairy,diarrhea,allergies,1733,20,27,53,Egg & Pumpkin Mix,"lamb, carrot, potato"
pomeranian,27,12,low,1,soy,waxy ears,obesity,1937,35,38,27,Salmon & Brown Rice,"spinach, potato, lentils"
dachshund,33,9,medium,0,fish,itchy paws,none,1804,26,37,37,Egg & Pumpkin Mix,"zucchini, quinoa, dairy"
pomeranian,38,5,high,1,beef,soft stool,allergies,2482,22,37,41,Paneer & Veg Mix,"dairy, carrot, barley"
german shepherd,37,13,high,0,wheat,vomiting,allergies,752,23,20,57,Tofu & Veggie Stew,"carrot, dairy, mackerel"
golden retriever,45,5,medium,0,fish,none,obesity,518,28,34,38,Lamb & Oats,"chicken, quinoa, spinach"
doberman,45,11,medium,1,none,vomiting,none,1211,24,37,39,Chicken & Sweet Potato,"tofu, dairy, mackerel"
rottweiler,27,10,medium,1,beef,diarrhea,allergies,2255,38,26,36,Turkey & Rice Bowl,"tofu, mackerel, zucchini"
labrador retriever,11,4,high,0,chicken,vomiting,none,1659,34,35,31,Salmon & Brown Rice,"lamb, pumpkin, quinoa"
great dane,7,13,high,0,none,vomiting,diabetes,722,27,35,38,Chicken & Sweet Potato,"potato, barley, mackerel"
german shepherd,36,9,low,0,fish,itchy paws,diabetes,502,25,34,41,Tofu & Veggie Stew,"potato, beef, dairy"
dachshund,35,5,low,0,dairy,none,diabetes,2486,37,25,38,Duck & Lentils,"chicken, turkey, beef"
great dane,22,14,low,0,soy,itchy paws,heart disease,1759,38,28,34,Tofu & Veggie Stew,"egg, chicken, mackerel"
boxer,47,2,high,1,beef,itchy paws,allergies,1353,34,26,40,Tofu & Veggie Stew,"turkey, lentils, peas"
rottweiler,11,10,low,1,soy,waxy ears,obesity,1988,26,33,41,Lamb & Oats,"beans, pumpkin, mackerel"
doberman,45,8,medium,1,none,vomiting,obesity,727,29,30,41,Paneer & Veg Mix,"chicken, tofu, barley"
boxer,5,7,medium,1,beef,vomiting,heart disease,1412,25,35,40,Paneer & Veg Mix,"dairy, pumpkin, egg"
rottweiler,18,8,high,0,fish,vomiting,obesity,2177,33,25,42,Chicken & Sweet Potato,"potato, rice, tofu"
poodle,56,12,low,0,chicken,dry skin,diabetes,998,36,35,29,Duck & Lentils,"oats, dairy, spinach"
beagle,36,3,medium,1,wheat,itchy paws,allergies,1020,28,39,33,Duck & Lentils,"lamb, potato, rice"
boxer,10,4,high,0,soy,soft stool,obesity,1201,38,35,27,Egg & Pumpkin Mix,"tofu, dairy, egg"
beagle,43,5,low,1,soy,diarrhea,obesity,2385,24,31,45,Turkey & Rice Bowl,"lentils, beef, turkey"
german shepherd,14,6,medium,0,wheat,none,arthritis,1416,26,36,38,Tofu & Veggie Stew,"tofu, salmon, dairy"
siberian husky,11,1,low,0,soy,soft stool,arthritis,2495,38,24,38,Turkey & Rice Bowl,"salmon, pumpkin, potato"
poodle,30,4,high,0,soy,none,arthritis,2200,39,32,29,Mackerel & Quinoa,"tofu, quinoa, zucchini"
golden retriever,38,11,low,1,beef,waxy ears,allergies,1662,26,27,47,Beef & Barley,"chicken, carrot, turkey"
bulldog,34,12,high,1,beef,waxy ears,diabetes,1799,21,24,55,Tofu & Veggie Stew,"mackerel, lentils, beans"
beagle,40,10,low,1,wheat,none,none,790,35,31,34,Turkey & Rice Bowl,"carrot, turkey, dairy"
poodle,25,13,medium,1,none,vomiting,diabetes,1576,32,28,40,Lamb & Oats,"lentils, mackerel, beef"
siberian husky,21,5,high,0,chicken,soft stool,diabetes,2210,27,22,51,Beef & Barley,"potato, spinach, rice"
doberman,37,7,high,0,fish,vomiting,allergies,1633,25,22,53,Duck & Lentils,"turkey, oats, potato"
beagle,14,13,high,0,fish,dry skin,allergies,1214,25,20,55,Tofu & Veggie Stew,"chicken, quinoa, lentils"
shih tzu,55,5,low,0,none,waxy ears,arthritis,1447,28,37,35,Tofu & Veggie Stew,"oats, zucchini, beans"
pomeranian,51,13,low,1,soy,waxy ears,obesity,1147,23,31,46,Duck & Lentils,"potato, chicken, egg"
shih tzu,46,13,medium,0,chicken,soft stool,heart disease,1527,30,28,42,Egg & Pumpkin Mix,"salmon, peas, potato"
yorkshire terrier,55,1,high,0,wheat,waxy ears,heart disease,2190,24,28,48,Lamb & Oats,"quinoa, spinach, peas"
dachshund,16,11,high,0,none,dry skin,none,1183,36,37,27,Tofu & Veggie Stew,"lentils, salmon, egg"
golden retriever,20,7,low,1,wheat,dry skin,obesity,2459,39,37,24,Turkey & Rice Bowl,"barley, carrot, rice"
pomeranian,45,8,low,1,beef,dry skin,none,1369,26,26,48,Tofu & Veggie Stew,"potato, beef, turkey"
dachshund,36,13,medium,1,soy,diarrhea,arthritis,1570,34,23,43,Beef & Barley,"barley, oats, quinoa"
doberman,19,7,medium,0,dairy,dry skin,none,593,34,32,34,Tofu & Veggie Stew,"zucchini, egg, tofu"
rottweiler,31,11,low,1,wheat,dry skin,obesity,1439,33,36,31,Turkey & Rice Bowl,"quinoa, dairy, peas"
beagle,32,14,high,0,none,diarrhea,obesity,1059,32,21,47,Salmon & Brown Rice,"chicken, dairy, egg"
rottweiler,21,13,medium,0,soy,vomiting,heart disease,2275,30,33,37,Beef & Barley,"turkey, oats, egg"
shih tzu,50,4,low,0,chicken,itchy paws,arthritis,2382,32,22,46,Chicken & Sweet Potato,"zucchini, dairy, lentils"
labrador retriever,54,8,low,1,none,waxy ears,allergies,712,28,24,48,Chicken & Sweet Potato,"rice, egg, carrot"
beagle,6,5,high,1,beef,dry skin,none,935,29,33,38,Beef & Barley,"carrot, quinoa, oats"
poodle,40,10,low,0,fish,waxy ears,heart disease,1351,23,22,55,Lamb & Oats,"barley, dairy, pumpkin"
golden retriever,54,9,low,0,chicken,soft stool,none,1007,36,26,38,Salmon & Brown Rice,"beans, zucchini, quinoa"
rottweiler,11,12,medium,1,wheat,waxy ears,none,1335,33,37,30,Beef & Barley,"turkey, lamb, lentils"
shih tzu,17,12,low,1,wheat,none,allergies,1150,37,32,31,Turkey & Rice Bowl,"carrot, rice, zucchini"
beagle,19,10,low,1,chicken,vomiting,arthritis,704,30,29,41,Mackerel & Quinoa,"turkey, rice, beans"
labrador retriever,29,5,medium,0,wheat,diarrhea,obesity,880,35,32,33,Paneer & Veg Mix,"potato, barley, beans"
dachshund,27,1,high,0,none,waxy ears,diabetes,1596,20,35,45,Tofu & Veggie Stew,"potato, quinoa, lamb"
pomeranian,26,12,high,0,soy,waxy ears,none,2039,26,28,46,Egg & Pumpkin Mix,"lamb, beef, mackerel"
poodle,30,9,medium,1,wheat,waxy ears,diabetes,1599,29,21,50,Salmon & Brown Rice,"peas, carrot, spinach"
yorkshire terrier,37,12,medium,1,beef,itchy paws,arthritis,2364,28,24,48,Turkey & Rice Bowl,"peas, salmon, egg"
beagle,15,5,high,1,soy,itchy paws,diabetes,576,22,36,42,Egg & Pumpkin Mix,"chicken, spinach, turkey"
yorkshire terrier,14,6,high,0,none,soft stool,none,1315,33,23,44,Chicken & Sweet Potato,"dairy, salmon, pumpkin"
german shepherd,29,4,high,0,dairy,diarrhea,allergies,1267,34,36,30,Beef & Barley,"turkey, salmon, rice"
doberman,41,6,high,1,wheat,waxy ears,diabetes,909,21,28,51,Salmon & Brown Rice,"quinoa, rice, beef"
golden retriever,52,12,high,0,wheat,waxy ears,arthritis,2137,33,39,28,Duck & Lentils,"mackerel, zucchini, pumpkin"
beagle,47,8,medium,1,beef,waxy ears,arthritis,605,35,21,44,Tofu & Veggie Stew,"lamb, tofu, chicken"
boxer,57,3,low,0,none,waxy ears,allergies,2368,26,37,37,Paneer & Veg Mix,"beef, tofu, potato"
labrador retriever,42,5,high,1,beef,itchy paws,diabetes,1050,23,30,47,Chicken & Sweet Potato,"oats, rice, egg"
pomeranian,45,2,high,0,fish,vomiting,diabetes,1999,37,32,31,Beef & Barley,"rice, salmon, potato"
great dane,49,14,low,0,none,vomiting,obesity,1325,24,27,49,Tofu & Veggie Stew,"pumpkin, carrot, lentils"
great dane,28,2,low,1,chicken,soft stool,heart disease,1798,25,20,55,Chicken & Sweet Potato,"oats, tofu, pumpkin"
rottweiler,44,13,low,1,chicken,none,arthritis,587,26,36,38,Duck & Lentils,"peas, egg, tofu"
siberian husky,50,7,low,1,chicken,dry skin,obesity,2246,34,31,35,Egg & Pumpkin Mix,"carrot, rice, peas"
boxer,37,10,low,1,beef,diarrhea,arthritis,1380,20,23,57,Paneer & Veg Mix,"turkey, potato, barley"
german shepherd,21,13,low,1,chicken,vomiting,obesity,1600,23,32,45,Paneer & Veg Mix,"beans, turkey, mackerel"
golden retriever,28,10,medium,0,none,none,heart disease,1600,20,28,52,Tofu & Veggie Stew,"spinach, carrot, mackerel"
dachshund,41,14,low,1,chicken,waxy ears,obesity,1965,30,26,44,Turkey & Rice Bowl,"peas, egg, quinoa"
poodle,6,11,low,1,dairy,vomiting,arthritis,1039,37,24,39,Tofu & Veggie Stew,"peas, potato, dairy"
yorkshire terrier,36,10,medium,1,chicken,soft stool,diabetes,744,33,24,43,Chicken & Sweet Potato,"beans, salmon, pumpkin"
german shepherd,28,6,low,0,wheat,dry skin,arthritis,1077,30,36,34,Turkey & Rice Bowl,"chicken, egg, tofu"
rottweiler,13,4,high,1,fish,vomiting,none,2301,29,28,43,Paneer & Veg Mix,"dairy, beef, mackerel"
poodle,8,5,high,1,beef,soft stool,allergies,1905,36,25,39,Mackerel & Quinoa,"chicken, oats, pumpkin"
great dane,21,1,low,1,soy,itchy paws,allergies,1481,23,38,39,Paneer & Veg Mix,"barley, lamb, lentils"
shih tzu,21,7,medium,0,fish,dry skin,none,1216,34,35,31,Tofu & Veggie Stew,"lentils, carrot, barley"
dachshund,57,8,high,0,dairy,soft stool,allergies,2093,35,21,44,Chicken & Sweet Potato,"salmon, peas, egg"
rottweiler,54,9,medium,1,beef,none,allergies,2236,32,29,39,Turkey & Rice Bowl,"potato, carrot, spinach"
labrador retriever,52,8,high,0,none,vomiting,heart disease,2260,28,35,37,Beef & Barley,"peas, oats, quinoa"
shih tzu,34,5,low,1,beef,itchy paws,diabetes,641,30,24,46,Turkey & Rice Bowl,"lentils, quinoa, carrot"
yorkshire terrier,44,3,medium,0,wheat,none,diabetes,1392,30,34,36,Duck & Lentils,"beans, zucchini, beef"
siberian husky,15,10,medium,1,none,soft stool,arthritis,1891,25,32,43,Lamb & Oats,"oats, zucchini, turkey"
boxer,25,11,medium,0,fish,soft stool,none,1607,20,32,48,Lamb & Oats,"zucchini, lentils, tofu"
pomeranian,25,9,high,1,fish,none,obesity,1666,25,32,43,Salmon & Brown Rice,"beans, lentils, lamb"
beagle,22,6,high,1,chicken,vomiting,arthritis,851,32,34,34,Egg & Pumpkin Mix,"pumpkin, oats, dairy"
shih tzu,59,5,high,0,none,dry skin,arthritis,1044,24,33,43,Salmon & Brown Rice,"oats, egg, carrot"
german shepherd,33,13,low,1,wheat,itchy paws,arthritis,1412,34,27,39,Salmon & Brown Rice,"potato, chicken, lentils"
doberman,28,3,high,1,chicken,waxy ears,arthritis,651,37,30,33,Turkey & Rice Bowl,"beans, potato, zucchini"
beagle,14,6,low,1,chicken,diarrhea,diabetes,1681,39,37,24,Chicken & Sweet Potato,"turkey, tofu, mackerel"
siberian husky,49,3,medium,1,beef,dry skin,obesity,1969,33,23,44,Salmon & Brown Rice,"beans, rice, tofu"
poodle,21,10,medium,0,fish,itchy paws,arthritis,1152,34,29,37,Tofu & Veggie Stew,"egg, pumpkin, turkey"
great dane,22,12,low,1,chicken,none,diabetes,1457,24,20,56,Turkey & Rice Bowl,"pumpkin, dairy, tofu"
shih tzu,46,6,high,0,dairy,soft stool,arthritis,1262,23,24,53,Chicken & Sweet Potato,"potato, carrot, tofu"
beagle,52,4,low,0,dairy,none,allergies,1826,21,32,47,Lamb & Oats,"tofu, lamb, turkey"
boxer,24,2,medium,0,fish,itchy paws,arthritis,1123,26,20,54,Mackerel & Quinoa,"rice, barley, chicken"
bulldog,41,8,medium,0,dairy,none,none,1155,29,27,44,Tofu & Veggie Stew,"barley, dairy, peas"
poodle,49,4,low,1,beef,none,none,949,35,22,43,Beef & Barley,"lentils, salmon, barley"
yorkshire terrier,22,9,high,1,wheat,diarrhea,arthritis,1220,29,22,49,Egg & Pumpkin Mix,"mackerel, oats, lentils"
rottweiler,21,7,high,0,soy,vomiting,heart disease,1747,37,26,37,Beef & Barley,"lentils, quinoa, carrot"
shih tzu,13,12,low,1,chicken,diarrhea,allergies,542,36,23,41,Chicken & Sweet Potato,"chicken, barley, lamb"
siberian husky,18,2,low,0,soy,waxy ears,obesity,763,32,22,46,Duck & Lentils,"barley, oats, spinach"
yorkshire terrier,53,4,high,1,wheat,waxy ears,arthritis,2279,20,34,46,Chicken & Sweet Potato,"beans, barley, spinach"
beagle,33,5,medium,1,wheat,diarrhea,obesity,1526,20,27,53,Mackerel & Quinoa,"egg, oats, lentils"
golden retriever,35,3,low,1,beef,dry skin,allergies,2160,34,22,44,Lamb & Oats,"rice, potato, zucchini"
poodle,8,9,high,0,dairy,dry skin,arthritis,1791,20,26,54,Paneer & Veg Mix,"barley, tofu, lentils"
siberian husky,22,13,high,0,dairy,none,heart disease,1095,25,37,38,Chicken & Sweet Potato,"pumpkin, spinach, dairy"
rottweiler,24,5,medium,1,wheat,none,diabetes,1539,32,30,38,Lamb & Oats,"turkey, egg, tofu"
dachshund,51,2,medium,0,beef,soft stool,heart disease,1857,20,30,50,Beef & Barley,"barley, beef, lentils"
great dane,47,11,medium,0,beef,waxy ears,heart disease,1987,24,36,40,Chicken & Sweet Potato,"zucchini, carrot, tofu"
labrador retriever,48,3,medium,1,fish,soft stool,diabetes,1582,28,25,47,Chicken & Sweet Potato,"beef, lentils, potato"
great dane,13,14,medium,0,none,waxy ears,diabetes,1512,36,27,37,Salmon & Brown Rice,"barley, mackerel, lamb"
pomeranian,17,9,low,1,chicken,diarrhea,none,676,35,20,45,Beef & Barley,"lentils, potato, tofu"
yorkshire terrier,19,7,high,1,none,dry skin,diabetes,562,27,29,44,Egg & Pumpkin Mix,"turkey, oats, quinoa"
yorkshire terrier,31,2,low,1,dairy,none,arthritis,1457,36,38,26,Egg & Pumpkin Mix,"pumpkin, lentils, beef"
poodle,19,9,low,0,wheat,dry skin,obesity,1502,34,22,44,Tofu & Veggie Stew,"lamb, salmon, rice"
golden retriever,32,14,low,1,fish,diarrhea,none,1060,20,23,57,Duck & Lentils,"spinach, turkey, beans"
beagle,41,4,low,1,soy,soft stool,none,1830,31,30,39,Paneer & Veg Mix,"salmon, quinoa, chicken"
siberian husky,59,13,low,0,dairy,soft stool,obesity,1769,24,34,42,Chicken & Sweet Potato,"turkey, pumpkin, spinach"
beagle,23,9,medium,0,chicken,itchy paws,none,1812,25,20,55,Chicken & Sweet Potato,"salmon, egg, lentils"
poodle,30,13,medium,0,beef,none,diabetes,2321,20,28,52,Tofu & Veggie Stew,"beans, dairy, tofu"
great dane,56,2,high,0,wheat,none,heart disease,1454,20,30,50,Duck & Lentils,"beef, egg, carrot"
yorkshire terrier,30,12,low,1,dairy,none,allergies,1855,29,38,33,Beef & Barley,"tofu, oats, beans"
rottweiler,29,10,high,0,soy,waxy ears,diabetes,2050,29,32,39,Chicken & Sweet Potato,"chicken, beef, quinoa"
siberian husky,30,12,medium,0,chicken,soft stool,heart disease,1349,22,35,43,Lamb & Oats,"egg, tofu, lamb"
labrador retriever,30,4,medium,0,chicken,diarrhea,heart disease,1778,36,23,41,Turkey & Rice Bowl,"mackerel, spinach, peas"
siberian husky,50,5,medium,0,fish,soft stool,none,1103,38,20,42,Duck & Lentils,"potato, dairy, salmon"
poodle,32,2,low,1,dairy,dry skin,arthritis,2033,30,39,31,Chicken & Sweet Potato,"peas, salmon, beef"
rottweiler,53,10,low,0,soy,waxy ears,arthritis,2314,37,32,31,Duck & Lentils,"quinoa, barley, oats"
doberman,22,1,medium,1,chicken,none,none,2241,21,20,59,Egg & Pumpkin Mix,"beans, pumpkin, rice"
rottweiler,36,7,high,0,wheat,vomiting,none,1105,28,24,48,Paneer & Veg Mix,"salmon, zucchini, beef"
dachshund,57,10,high,1,chicken,itchy paws,obesity,2260,36,24,40,Chicken & Sweet Potato,"spinach, rice, beans"
siberian husky,7,1,medium,1,soy,waxy ears,obesity,2336,33,33,34,Paneer & Veg Mix,"chicken, lamb, beans"
siberian husky,6,11,high,0,beef,dry skin,allergies,1329,23,33,44,Mackerel & Quinoa,"rice, potato, tofu"
boxer,37,11,medium,1,beef,none,allergies,1986,36,27,37,Turkey & Rice Bowl,"salmon, dairy, potato"
bulldog,46,8,high,0,fish,dry skin,allergies,1722,36,23,41,Tofu & Veggie Stew,"tofu, dairy, egg"
labrador retriever,23,3,medium,1,dairy,dry skin,allergies,1794,31,26,43,Paneer & Veg Mix,"barley, beans, mackerel"
german shepherd,21,14,high,1,soy,none,heart disease,1245,39,39,22,Chicken & Sweet Potato,"beans, carrot, mackerel"
pomeranian,48,10,low,1,fish,dry skin,heart disease,1057,37,38,25,Salmon & Brown Rice,"barley, rice, spinach"
golden retriever,37,6,medium,0,none,diarrhea,obesity,563,22,34,44,Tofu & Veggie Stew,"potato, pumpkin, quinoa"
bulldog,16,7,medium,1,chicken,itchy paws,arthritis,1753,30,23,47,Tofu & Veggie Stew,"beef, mackerel, beans"
dachshund,53,10,high,0,none,vomiting,none,1441,37,38,25,Beef & Barley,"egg, lentils, beans"
siberian husky,7,1,medium,1,chicken,dry skin,arthritis,2475,23,28,49,Paneer & Veg Mix,"turkey, spinach, zucchini"
pomeranian,47,14,medium,1,beef,dry skin,diabetes,748,36,32,32,Salmon & Brown Rice,"beef, turkey, quinoa"
labrador retriever,53,6,medium,1,fish,soft stool,heart disease,1769,37,33,30,Paneer & Veg Mix,"oats, dairy, quinoa"
beagle,59,7,low,1,beef,itchy paws,allergies,1439,24,33,43,Beef & Barley,"quinoa, chicken, peas"
bulldog,30,6,low,1,wheat,waxy ears,allergies,2110,33,29,38,Turkey & Rice Bowl,"tofu, carrot, zucchini"
beagle,39,4,high,1,none,itchy paws,diabetes,656,29,35,36,Chicken & Sweet Potato,"chicken, salmon, beans"
golden retriever,12,1,low,0,none,itchy paws,arthritis,1234,34,24,42,Egg & Pumpkin Mix,"quinoa, salmon, beans"
pomeranian,56,11,high,0,beef,none,allergies,2225,20,25,55,Egg & Pumpkin Mix,"quinoa, beans, oats"
shih tzu,40,9,low,0,wheat,none,arthritis,1484,35,21,44,Paneer & Veg Mix,"egg, chicken, quinoa"
beagle,57,4,high,1,chicken,none,none,2087,30,32,38,Beef & Barley,"carrot, lentils, oats"
golden retriever,58,7,low,0,fish,vomiting,diabetes,2473,39,32,29,Duck & Lentils,"oats, carrot, potato"
shih tzu,11,7,low,1,wheat,itchy paws,arthritis,1611,25,38,37,Chicken & Sweet Potato,"oats, zucchini, carrot"
pomeranian,50,2,high,0,fish,vomiting,none,1836,35,37,28,Paneer & Veg Mix,"barley, rice, oats"
great dane,50,1,medium,0,none,dry skin,arthritis,2374,21,38,41,Duck & Lentils,"tofu, barley, carrot"
great dane,40,8,medium,1,fish,none,arthritis,1589,20,20,60,Chicken & Sweet Potato,"dairy, potato, chicken"
pomeranian,20,8,low,1,none,dry skin,allergies,1161,28,27,45,Duck & Lentils,"beef, peas, salmon"
pomeranian,28,7,high,0,wheat,none,obesity,1543,31,35,34,Tofu & Veggie Stew,"lamb, tofu, oats"
labrador retriever,58,14,medium,0,none,diarrhea,heart disease,532,36,21,43,Paneer & Veg Mix,"rice, tofu, carrot"
doberman,5,8,high,0,dairy,vomiting,arthritis,2363,34,27,39,Beef & Barley,"turkey, pumpkin, rice"
yorkshire terrier,53,3,medium,0,none,vomiting,arthritis,2316,38,25,37,Chicken & Sweet Potato,"tofu, barley, egg"
golden retriever,29,11,high,1,beef,waxy ears,arthritis,1057,29,35,36,Egg & Pumpkin Mix,"chicken, rice, tofu"
rottweiler,14,2,low,0,wheat,soft stool,obesity,572,31,30,39,Paneer & Veg Mix,"potato, rice, beef"
german shepherd,58,7,high,1,chicken,itchy paws,none,2389,33,36,31,Chicken & Sweet Potato,"oats, mackerel, chicken"
german shepherd,20,8,medium,1,fish,waxy ears,diabetes,1324,28,38,34,Chicken & Sweet Potato,"beans, zucchini, oats"
poodle,20,1,low,0,soy,vomiting,allergies,1866,32,30,38,Duck & Lentils,"potato, dairy, rice"
shih tzu,12,12,high,1,wheat,waxy ears,obesity,1656,22,27,51,Duck & Lentils,"carrot, beef, tofu"
german shepherd,33,10,medium,0,beef,diarrhea,none,1578,33,23,44,Salmon & Brown Rice,"quinoa, potato, egg"
pomeranian,43,9,low,1,none,soft stool,arthritis,560,29,30,41,Paneer & Veg Mix,"pumpkin, lentils, oats"
pomeranian,32,13,high,1,fish,vomiting,none,2380,35,27,38,Mackerel & Quinoa,"zucchini, turkey, beef"
poodle,10,11,medium,0,dairy,vomiting,obesity,2043,26,28,46,Lamb & Oats,"mackerel, beans, oats"
siberian husky,20,4,high,1,chicken,itchy paws,obesity,771,23,21,56,Mackerel & Quinoa,"quinoa, potato, mackerel"
pomeranian,24,14,high,1,dairy,none,obesity,745,39,35,26,Chicken & Sweet Potato,"rice, barley, chicken"
german shepherd,20,12,low,0,soy,soft stool,diabetes,1699,30,25,45,Salmon & Brown Rice,"mackerel, chicken, quinoa"
golden retriever,11,14,low,1,wheat,diarrhea,heart disease,1127,35,38,27,Chicken & Sweet Potato,"rice, lentils, pumpkin"
rottweiler,45,4,medium,1,fish,dry skin,allergies,1840,39,27,34,Mackerel & Quinoa,"beans, zucchini, quinoa"
yorkshire terrier,18,3,low,0,wheat,waxy ears,diabetes,2306,23,33,44,Chicken & Sweet Potato,"chicken, tofu, peas"
pomeranian,47,6,medium,0,beef,itchy paws,diabetes,1204,36,35,29,Duck & Lentils,"tofu, beans, zucchini"
beagle,30,1,high,1,wheat,vomiting,heart disease,1161,32,31,37,Paneer & Veg Mix,"beans, potato, beef"
shih tzu,30,6,high,1,chicken,dry skin,diabetes,1654,30,24,46,Egg & Pumpkin Mix,"lentils, oats, dairy"
pomeranian,18,2,medium,1,soy,diarrhea,obesity,1625,22,38,40,Mackerel & Quinoa,"egg, turkey, lamb"
great dane,11,9,high,0,dairy,soft stool,obesity,809,28,37,35,Lamb & Oats,"barley, quinoa, zucchini"
dachshund,37,2,low,1,soy,waxy ears,none,2305,25,28,47,Lamb & Oats,"peas, rice, mackerel"
german shepherd,30,7,high,1,fish,itchy paws,arthritis,1815,30,21,49,Duck & Lentils,"potato, tofu, barley"
yorkshire terrier,49,12,low,1,wheat,vomiting,diabetes,2245,35,39,26,Paneer & Veg Mix,"mackerel, potato, quinoa"
yorkshire terrier,24,1,medium,1,fish,vomiting,arthritis,994,38,31,31,Turkey & Rice Bowl,"chicken, salmon, lamb"
great dane,7,12,medium,1,dairy,dry skin,allergies,1884,24,21,55,Turkey & Rice Bowl,"carrot, beef, lentils"
shih tzu,56,7,high,1,fish,dry skin,obesity,837,33,29,38,Beef & Barley,"turkey, pumpkin, tofu"
golden retriever,8,5,high,0,beef,waxy ears,none,1078,36,20,44,Beef & Barley,"chicken, rice, lentils"
labrador retriever,30,8,low,0,soy,soft stool,allergies,509,22,23,55,Mackerel & Quinoa,"salmon, spinach, potato"
great dane,15,4,low,1,dairy,diarrhea,none,548,23,31,46,Duck & Lentils,"chicken, beef, beans"
labrador retriever,6,12,high,1,dairy,none,heart disease,2010,35,28,37,Duck & Lentils,"mackerel, chicken, dairy"
german shepherd,18,10,high,0,none,soft stool,obesity,1122,35,23,42,Chicken & Sweet Potato,"mackerel, lamb, zucchini"
shih tzu,48,7,medium,0,dairy,soft stool,allergies,1844,23,28,49,Lamb & Oats,"dairy, salmon, mackerel"
pomeranian,34,6,medium,0,none,soft stool,heart disease,1230,38,25,37,Lamb & Oats,"turkey, tofu, lentils"
doberman,53,5,medium,1,chicken,none,allergies,2092,36,20,44,Lamb & Oats,"dairy, egg, beans"
shih tzu,16,4,high,1,none,waxy ears,none,1294,32,29,39,Salmon & Brown Rice,"potato, zucchini, egg"
dachshund,30,7,high,1,soy,none,heart disease,1470,20,33,47,Paneer & Veg Mix,"barley, beef, carrot"
great dane,48,12,high,1,fish,waxy ears,heart disease,2148,31,37,32,Tofu & Veggie Stew,"turkey, barley, mackerel"
german shepherd,37,5,medium,0,none,none,obesity,632,23,25,52,Chicken & Sweet Potato,"lamb, lentils, tofu"
german shepherd,17,5,high,0,dairy,diarrhea,arthritis,2106,30,37,33,Turkey & Rice Bowl,"pumpkin, potato, beef"
poodle,18,1,low,0,soy,soft stool,none,582,24,39,37,Duck & Lentils,"egg, dairy, tofu"
rottweiler,28,2,high,0,none,waxy ears,none,556,21,35,44,Turkey & Rice Bowl,"chicken, barley, quinoa"
great dane,38,5,high,1,none,none,heart disease,875,36,34,30,Salmon & Brown Rice,"oats, beef, pumpkin"
rottweiler,48,13,high,1,dairy,diarrhea,heart disease,848,27,35,38,Turkey & Rice Bowl,"lentils, tofu, egg"
pomeranian,30,3,high,0,beef,none,obesity,770,25,27,48,Lamb & Oats,"quinoa, dairy, turkey"
great dane,25,14,high,0,beef,vomiting,arthritis,2006,28,32,40,Egg & Pumpkin Mix,"spinach, peas, rice"
dachshund,32,13,low,0,none,diarrhea,none,610,32,30,38,Chicken & Sweet Potato,"lamb, spinach, pumpkin"
poodle,52,2,low,0,beef,soft stool,diabetes,1368,30,26,44,Egg & Pumpkin Mix,"oats, barley, lamb"
shih tzu,40,14,high,0,wheat,itchy paws,diabetes,1386,35,36,29,Beef & Barley,"egg, potato, chicken"
yorkshire terrier,44,14,medium,1,dairy,soft stool,arthritis,575,35,37,28,Egg & Pumpkin Mix,"lentils, zucchini, carrot"
siberian husky,6,4,high,1,wheat,itchy paws,allergies,1681,21,38,41,Tofu & Veggie Stew,"spinach, egg, barley"
poodle,46,4,high,0,soy,diarrhea,obesity,2055,29,32,39,Duck & Lentils,"dairy, turkey, spinach"
german shepherd,13,4,high,0,wheat,vomiting,arthritis,2456,31,34,35,Salmon & Brown Rice,"pumpkin, turkey, chicken"
labrador retriever,27,4,medium,0,soy,vomiting,diabetes,2166,27,20,53,Duck & Lentils,"spinach, dairy, peas"
bulldog,19,3,medium,1,none,waxy ears,heart disease,828,30,35,35,Tofu & Veggie Stew,"dairy, potato, zucchini"
shih tzu,17,13,medium,1,soy,vomiting,diabetes,621,29,24,47,Duck & Lentils,"lamb, salmon, lentils"
dachshund,27,12,low,1,soy,dry skin,heart disease,540,32,22,46,Egg & Pumpkin Mix,"barley, beans, peas"
yorkshire terrier,21,7,medium,0,fish,diarrhea,obesity,1690,36,29,35,Paneer & Veg Mix,"salmon, zucchini, turkey"
shih tzu,52,9,low,1,wheat,waxy ears,heart disease,1421,26,38,36,Duck & Lentils,"spinach, beans, salmon"
great dane,6,12,low,0,fish,vomiting,arthritis,1141,22,24,54,Beef & Barley,"carrot, oats, mackerel"
golden retriever,24,5,medium,1,none,diarrhea,heart disease,1546,39,26,35,Chicken & Sweet Potato,"dairy, beans, lamb"
bulldog,24,4,medium,1,dairy,soft stool,allergies,778,32,33,35,Chicken & Sweet Potato,"potato, beef, salmon"
great dane,50,11,medium,1,wheat,vomiting,arthritis,1262,38,22,40,Turkey & Rice Bowl,"potato, oats, barley"
bulldog,7,2,low,0,dairy,none,obesity,968,26,32,42,Mackerel & Quinoa,"turkey, quinoa, carrot"
poodle,59,2,high,0,dairy,itchy paws,arthritis,1923,28,32,40,Egg & Pumpkin Mix,"zucchini, peas, egg"
beagle,16,5,medium,1,soy,diarrhea,allergies,508,38,29,33,Lamb & Oats,"oats, chicken, lentils"
bulldog,44,7,medium,0,wheat,waxy ears,obesity,512,32,21,47,Tofu & Veggie Stew,"spinach, barley, beef"
german shepherd,6,10,medium,0,dairy,soft stool,diabetes,1423,27,25,48,Salmon & Brown Rice,"egg, zucchini, mackerel"
boxer,40,10,low,0,beef,dry skin,allergies,1422,37,27,36,Egg & Pumpkin Mix,"salmon, dairy, spinach"
labrador retriever,18,9,low,0,dairy,soft stool,obesity,2342,21,23,56,Chicken & Sweet Potato,"oats, spinach, turkey"
siberian husky,20,13,high,0,beef,vomiting,heart disease,2355,37,31,32,Turkey & Rice Bowl,"turkey, beans, mackerel"
labrador retriever,23,7,medium,0,wheat,itchy paws,arthritis,1575,37,34,29,Duck & Lentils,"egg, lamb, pumpkin"
boxer,38,5,low,0,none,soft stool,obesity,1732,30,27,43,Lamb & Oats,"oats, egg, peas"
rottweiler,48,10,high,1,fish,dry skin,arthritis,2073,20,26,54,Lamb & Oats,"mackerel, egg, barley"
german shepherd,50,10,medium,0,wheat,none,heart disease,2135,33,33,34,Mackerel & Quinoa,"egg, oats, mackerel"
golden retriever,10,10,low,0,fish,waxy ears,obesity,2228,35,38,27,Paneer & Veg Mix,"mackerel, rice, lamb"
bulldog,17,6,medium,1,fish,diarrhea,diabetes,1925,30,33,37,Mackerel & Quinoa,"zucchini, barley, peas"
rottweiler,40,11,medium,1,wheat,itchy paws,allergies,1714,20,32,48,Duck & Lentils,"spinach, salmon, potato"
german shepherd,26,12,low,1,dairy,dry skin,obesity,1574,26,20,54,Egg & Pumpkin Mix,"tofu, dairy, turkey"
shih tzu,22,3,low,1,chicken,vomiting,heart disease,1916,35,38,27,Beef & Barley,"zucchini, spinach, lamb"
poodle,16,5,low,0,dairy,vomiting,obesity,1152,33,20,47,Tofu & Veggie Stew,"carrot, lamb, beans"
labrador retriever,56,8,medium,1,dairy,vomiting,arthritis,2203,34,23,43,Lamb & Oats,"chicken, mackerel, pumpkin"
rottweiler,58,1,medium,1,none,itchy paws,none,2346,33,29,38,Salmon & Brown Rice,"lentils, peas, beef"
dachshund,34,12,high,0,soy,soft stool,obesity,1120,30,22,48,Egg & Pumpkin Mix,"beans, peas, tofu"
bulldog,57,1,medium,0,soy,itchy paws,diabetes,2242,35,39,26,Salmon & Brown Rice,"carrot, beans, pumpkin"
bulldog,55,7,low,0,dairy,vomiting,obesity,2462,38,28,34,Turkey & Rice Bowl,"salmon, spinach, egg"
golden retriever,44,14,medium,1,beef,none,allergies,1823,36,22,42,Salmon & Brown Rice,"egg, potato, beef"
beagle,11,5,high,0,none,dry skin,obesity,2145,25,25,50,Lamb & Oats,"carrot, lamb, egg"
dachshund,36,14,high,1,fish,diarrhea,none,695,30,25,45,Lamb & Oats,"pumpkin, mackerel, quinoa"
bulldog,52,5,low,0,soy,diarrhea,arthritis,916,36,31,33,Lamb & Oats,"peas, lamb, egg"
yorkshire terrier,23,1,low,0,dairy,itchy paws,obesity,1163,28,20,52,Egg & Pumpkin Mix,"peas, lamb, tofu"
dachshund,10,9,high,1,none,vomiting,diabetes,1943,37,35,28,Egg & Pumpkin Mix,"chicken, zucchini, pumpkin"
bulldog,24,1,high,0,chicken,waxy ears,heart disease,2278,36,24,40,Tofu & Veggie Stew,"mackerel, lamb, chicken"
boxer,31,5,high,0,beef,none,obesity,2163,31,28,41,Chicken & Sweet Potato,"quinoa, beef, peas"
dachshund,57,10,low,0,wheat,itchy paws,obesity,2140,24,29,47,Paneer & Veg Mix,"chicken, zucchini, pumpkin"
german shepherd,47,9,high,0,dairy,vomiting,allergies,2045,30,32,38,Duck & Lentils,"spinach, egg, rice"
dachshund,41,14,high,0,none,soft stool,diabetes,1879,23,34,43,Duck & Lentils,"salmon, pumpkin, zucchini"
siberian husky,52,4,low,1,dairy,diarrhea,none,647,23,31,46,Turkey & Rice Bowl,"peas, egg, zucchini"
golden retriever,11,13,medium,1,fish,diarrhea,heart disease,1500,22,24,54,Mackerel & Quinoa,"potato, lamb, spinach"
poodle,9,8,medium,0,beef,none,arthritis,1888,36,24,40,Tofu & Veggie Stew,"lentils, lamb, turkey"
poodle,15,6,high,1,soy,diarrhea,obesity,863,26,37,37,Chicken & Sweet Potato,"oats, quinoa, spinach"
poodle,19,11,medium,1,soy,waxy ears,none,2494,23,31,46,Beef & Barley,"carrot, beans, chicken"
german shepherd,7,3,medium,1,soy,vomiting,heart disease,2175,32,22,46,Turkey & Rice Bowl,"potato, zucchini, oats"
rottweiler,9,4,medium,0,wheat,vomiting,arthritis,2225,31,26,43,Egg & Pumpkin Mix,"lentils, peas, tofu"
great dane,27,2,medium,0,none,none,none,901,20,36,44,Chicken & Sweet Potato,"turkey, zucchini, dairy"
poodle,57,1,high,0,beef,vomiting,diabetes,1105,38,38,24,Lamb & Oats,"beef, egg, peas"
siberian husky,41,13,medium,1,beef,none,diabetes,2015,39,37,24,Egg & Pumpkin Mix,"beef, egg, oats"
shih tzu,13,14,medium,1,soy,vomiting,heart disease,728,37,20,43,Mackerel & Quinoa,"egg, peas, lamb"
labrador retriever,19,8,low,0,soy,waxy ears,arthritis,2098,30,24,46,Mackerel & Quinoa,"beef, rice, lentils"
german shepherd,7,1,high,0,fish,dry skin,diabetes,2375,39,21,40,Duck & Lentils,"dairy, barley, oats"
rottweiler,33,14,low,1,chicken,itchy paws,heart disease,1036,22,20,58,Paneer & Veg Mix,"zucchini, barley, chicken"
labrador retriever,10,13,low,1,chicken,itchy paws,diabetes,767,36,26,38,Paneer & Veg Mix,"beef, zucchini, oats"
pomeranian,21,11,high,0,dairy,vomiting,diabetes,1928,31,30,39,Beef & Barley,"barley, pumpkin, egg"
labrador retriever,30,1,medium,1,dairy,soft stool,none,2316,29,30,41,Egg & Pumpkin Mix,"lamb, oats, lentils"
labrador retriever,25,4,low,1,beef,diarrhea,none,1534,27,37,36,Egg & Pumpkin Mix,"oats, carrot, potato"
yorkshire terrier,12,10,high,1,beef,waxy ears,diabetes,1843,34,36,30,Mackerel & Quinoa,"turkey, egg, salmon"
golden retriever,25,12,medium,1,wheat,soft stool,allergies,2236,24,21,55,Lamb & Oats,"quinoa, lamb, potato"
golden retriever,15,10,high,1,wheat,soft stool,none,625,23,26,51,Lamb & Oats,"beans, barley, lentils"
great dane,42,6,low,1,chicken,vomiting,arthritis,805,39,26,35,Salmon & Brown Rice,"potato, rice, turkey"
german shepherd,12,9,medium,1,dairy,waxy ears,heart disease,2225,38,29,33,Lamb & Oats,"oats, salmon, spinach"
siberian husky,46,1,medium,0,chicken,itchy paws,heart disease,2034,23,22,55,Chicken & Sweet Potato,"rice, mackerel, zucchini"
siberian husky,28,7,high,0,chicken,diarrhea,arthritis,1612,34,31,35,Paneer & Veg Mix,"dairy, salmon, peas"
siberian husky,39,10,medium,1,dairy,itchy paws,arthritis,1878,36,22,42,Lamb & Oats,"mackerel, egg, barley"
labrador retriever,59,11,low,1,none,soft stool,arthritis,1127,31,30,39,Tofu & Veggie Stew,"egg, chicken, dairy"
doberman,18,5,low,1,wheat,diarrhea,arthritis,1875,22,31,47,Egg & Pumpkin Mix,"potato, rice, lamb"
boxer,59,12,low,0,fish,dry skin,obesity,1188,29,23,48,Lamb & Oats,"barley, quinoa, mackerel"
dachshund,18,8,high,0,fish,soft stool,heart disease,1537,34,35,31,Salmon & Brown Rice,"beans, peas, lamb"
rottweiler,14,14,medium,1,fish,itchy paws,obesity,1780,29,39,32,Beef & Barley,"salmon, potato, beef"
golden retriever,16,7,medium,0,dairy,itchy paws,diabetes,1732,37,37,26,Beef & Barley,"mackerel, beef, spinach"
doberman,42,4,medium,1,soy,vomiting,diabetes,780,20,23,57,Mackerel & Quinoa,"mackerel, beans, rice"
poodle,48,4,low,1,soy,itchy paws,heart disease,942,22,25,53,Lamb & Oats,"beef, beans, chicken"
shih tzu,59,6,medium,1,soy,waxy ears,diabetes,2363,31,34,35,Egg & Pumpkin Mix,"rice, lamb, turkey"
german shepherd,50,6,low,1,beef,soft stool,arthritis,1336,20,20,60,Egg & Pumpkin Mix,"barley, tofu, peas"
rottweiler,38,9,medium,1,wheat,none,obesity,888,22,22,56,Paneer & Veg Mix,"rice, tofu, turkey"
german shepherd,45,12,low,1,wheat,none,arthritis,1116,22,24,54,Beef & Barley,"potato, spinach, turkey"
boxer,14,5,medium,1,none,diarrhea,diabetes,2006,24,36,40,Mackerel & Quinoa,"turkey, beans, barley"
yorkshire terrier,21,8,high,0,none,itchy paws,none,646,38,33,29,Lamb & Oats,"lamb, quinoa, egg"
yorkshire terrier,21,5,high,1,beef,vomiting,obesity,1802,20,28,52,Beef & Barley,"beans, egg, spinach"
labrador retriever,7,2,low,0,chicken,vomiting,arthritis,1020,23,22,55,Beef & Barley,"potato, turkey, beans"
great dane,35,6,low,1,none,itchy paws,heart disease,1129,23,32,45,Egg & Pumpkin Mix,"spinach, quinoa, oats"
yorkshire terrier,55,9,medium,1,fish,waxy ears,arthritis,2129,36,22,42,Lamb & Oats,"zucchini, peas, beef"
german shepherd,5,13,medium,0,soy,vomiting,none,933,33,30,37,Turkey & Rice Bowl,"barley, chicken, mackerel"
poodle,16,3,high,0,fish,none,diabetes,643,37,21,42,Lamb & Oats,"rice, zucchini, egg"
great dane,43,1,medium,1,soy,diarrhea,obesity,788,20,34,46,Chicken & Sweet Potato,"peas, lentils, chicken"
labrador retriever,8,1,low,0,fish,soft stool,heart disease,1909,35,32,33,Beef & Barley,"spinach, beans, oats"
bulldog,46,13,low,1,chicken,dry skin,obesity,513,22,38,40,Paneer & Veg Mix,"dairy, turkey, carrot"
siberian husky,17,3,low,1,fish,waxy ears,heart disease,756,28,35,37,Turkey & Rice Bowl,"beef, zucchini, spinach"
rottweiler,38,10,low,0,fish,vomiting,obesity,1869,23,37,40,Salmon & Brown Rice,"pumpkin, barley, lamb"
great dane,46,5,low,0,dairy,soft stool,diabetes,2221,24,26,50,Mackerel & Quinoa,"potato, mackerel, dairy"
boxer,25,3,high,0,fish,dry skin,heart disease,1868,30,32,38,Lamb & Oats,"dairy, mackerel, oats"
labrador retriever,26,9,high,0,dairy,itchy paws,allergies,1923,28,23,49,Paneer & Veg Mix,"spinach, egg, pumpkin"
pomeranian,8,8,low,1,wheat,itchy paws,obesity,1730,22,28,50,Salmon & Brown Rice,"tofu, turkey, rice"
german shepherd,22,3,medium,0,beef,diarrhea,obesity,1357,25,29,46,Salmon & Brown Rice,"zucchini, salmon, tofu"
rottweiler,9,9,low,0,fish,dry skin,arthritis,1442,30,28,42,Beef & Barley,"beans, mackerel, oats"
poodle,23,13,high,0,wheat,itchy paws,heart disease,1695,28,26,46,Chicken & Sweet Potato,"chicken, turkey, mackerel"
beagle,6,6,low,0,none,itchy paws,none,963,34,34,32,Beef & Barley,"tofu, carrot, salmon"
shih tzu,16,13,high,0,none,none,allergies,769,22,27,51,Mackerel & Quinoa,"zucchini, oats, tofu"
boxer,21,7,high,1,dairy,vomiting,diabetes,1744,20,38,42,Turkey & Rice Bowl,"beans, dairy, salmon"
german shepherd,14,4,low,1,fish,diarrhea,arthritis,1675,39,30,31,Egg & Pumpkin Mix,"chicken, carrot, peas"
boxer,38,4,low,0,fish,soft stool,allergies,1122,38,24,38,Tofu & Veggie Stew,"zucchini, tofu, spinach"
golden retriever,10,12,medium,0,chicken,itchy paws,heart disease,1706,33,21,46,Turkey & Rice Bowl,"barley, oats, spinach"
beagle,12,13,high,1,wheat,none,allergies,1922,36,29,35,Mackerel & Quinoa,"spinach, zucchini, dairy"
rottweiler,55,2,medium,0,soy,waxy ears,obesity,2374,33,35,32,Egg & Pumpkin Mix,"salmon, rice, quinoa"
yorkshire terrier,15,5,low,1,soy,waxy ears,obesity,571,36,32,32,Salmon & Brown Rice,"egg, lentils, salmon"
german shepherd,16,8,high,1,chicken,soft stool,arthritis,1941,33,27,40,Turkey & Rice Bowl,"carrot, zucchini, salmon"
boxer,13,7,medium,0,dairy,dry skin,heart disease,2421,31,28,41,Egg & Pumpkin Mix,"lentils, potato, barley"
rottweiler,6,7,medium,1,soy,diarrhea,heart disease,1806,35,30,35,Lamb & Oats,"spinach, chicken, rice"
yorkshire terrier,12,6,medium,0,soy,none,allergies,573,20,30,50,Beef & Barley,"quinoa, pumpkin, beef"
poodle,15,3,low,0,none,vomiting,arthritis,854,32,35,33,Tofu & Veggie Stew,"potato, dairy, carrot"
poodle,57,5,low,1,none,none,heart disease,2250,25,29,46,Paneer & Veg Mix,"tofu, lentils, beef"
boxer,40,13,low,1,beef,waxy ears,none,996,36,31,33,Lamb & Oats,"chicken, salmon, carrot"
labrador retriever,14,1,high,0,wheat,waxy ears,none,1851,31,25,44,Turkey & Rice Bowl,"tofu, spinach, turkey"
golden retriever,25,7,low,1,dairy,soft stool,obesity,1487,38,31,31,Duck & Lentils,"salmon, lamb, barley"
shih tzu,24,9,high,0,fish,dry skin,allergies,2058,25,29,46,Egg & Pumpkin Mix,"turkey, salmon, tofu"
labrador retriever,52,1,medium,1,wheat,dry skin,diabetes,1079,26,37,37,Salmon & Brown Rice,"lentils, chicken, beef"
golden retriever,12,13,medium,1,dairy,soft stool,obesity,1409,20,37,43,Salmon & Brown Rice,"spinach, lentils, pumpkin"
german shepherd,40,2,low,0,soy,none,arthritis,1970,20,23,57,Duck & Lentils,"salmon, tofu, peas"
siberian husky,33,3,medium,0,beef,waxy ears,heart disease,872,24,28,48,Turkey & Rice Bowl,"egg, lentils, spinach"
great dane,46,3,low,0,wheat,none,obesity,861,25,26,49,Salmon & Brown Rice,"beef, rice, oats"
bulldog,16,8,high,1,soy,none,diabetes,592,35,37,28,Chicken & Sweet Potato,"chicken, beef, rice"
boxer,18,7,medium,0,dairy,diarrhea,diabetes,1844,35,27,38,Salmon & Brown Rice,"lentils, potato, peas"
shih tzu,52,6,low,0,wheat,waxy ears,none,823,33,30,37,Tofu & Veggie Stew,"barley, pumpkin, chicken"
dachshund,58,10,medium,1,fish,dry skin,arthritis,883,20,26,54,Chicken & Sweet Potato,"peas, dairy, carrot"
siberian husky,54,10,medium,1,wheat,vomiting,obesity,1074,32,28,40,Mackerel & Quinoa,"quinoa, carrot, dairy"
pomeranian,25,11,low,0,soy,none,allergies,1235,39,27,34,Mackerel & Quinoa,"dairy, egg, spinach"
doberman,26,4,medium,0,wheat,waxy ears,obesity,1236,29,22,49,Egg & Pumpkin Mix,"pumpkin, quinoa, dairy"
boxer,25,9,medium,0,fish,none,none,2404,29,36,35,Chicken & Sweet Potato,"lentils, lamb, peas"
beagle,48,1,medium,0,beef,diarrhea,diabetes,845,28,21,51,Lamb & Oats,"egg, lentils, mackerel"
yorkshire terrier,54,11,medium,1,beef,itchy paws,arthritis,2372,32,34,34,Egg & Pumpkin Mix,"quinoa, beef, carrot"
beagle,34,2,high,1,soy,waxy ears,arthritis,1626,22,33,45,Lamb & Oats,"barley, peas, rice"
poodle,43,14,medium,0,dairy,soft stool,allergies,1738,37,37,26,Tofu & Veggie Stew,"spinach, lamb, zucchini"
golden retriever,24,4,medium,0,soy,itchy paws,arthritis,1715,39,35,26,Beef & Barley,"quinoa, beef, potato"
yorkshire terrier,28,3,low,0,beef,none,none,2195,21,39,40,Turkey & Rice Bowl,"spinach, beans, turkey"
siberian husky,27,1,high,1,chicken,soft stool,none,2407,36,23,41,Chicken & Sweet Potato,"pumpkin, chicken, zucchini"
poodle,11,5,low,0,chicken,soft stool,none,1218,38,39,23,Duck & Lentils,"barley, turkey, pumpkin"
yorkshire terrier,13,7,low,0,wheat,soft stool,arthritis,1280,32,25,43,Paneer & Veg Mix,"beans, potato, lamb"
labrador retriever,5,2,low,1,fish,waxy ears,arthritis,1519,32,25,43,Turkey & Rice Bowl,"beans, egg, lamb"
poodle,30,5,high,1,none,dry skin,none,1717,20,30,50,Tofu & Veggie Stew,"lentils, turkey, zucchini"
labrador retriever,42,6,low,0,none,none,arthritis,1903,21,36,43,Chicken & Sweet Potato,"chicken, carrot, lamb"
labrador retriever,42,11,low,0,none,itchy paws,arthritis,1926,20,22,58,Mackerel & Quinoa,"carrot, rice, tofu"
yorkshire terrier,58,7,low,1,wheat,diarrhea,diabetes,1163,24,32,44,Turkey & Rice Bowl,"zucchini, quinoa, beef"
pomeranian,48,1,medium,0,chicken,dry skin,obesity,2272,22,22,56,Lamb & Oats,"oats, mackerel, lentils"
rottweiler,26,7,low,0,beef,none,heart disease,1099,26,35,39,Duck & Lentils,"mackerel, pumpkin, chicken"
beagle,48,4,high,1,wheat,waxy ears,arthritis,510,32,34,34,Turkey & Rice Bowl,"potato, mackerel, egg"
poodle,14,8,high,1,none,soft stool,heart disease,686,37,30,33,Paneer & Veg Mix,"dairy, barley, zucchini"
pomeranian,59,13,medium,1,none,diarrhea,heart disease,1225,26,37,37,Tofu & Veggie Stew,"lamb, quinoa, pumpkin"
dachshund,10,4,high,0,soy,none,diabetes,1538,20,34,46,Tofu & Veggie Stew,"egg, zucchini, lentils"
rottweiler,21,6,high,1,none,itchy paws,arthritis,1277,24,24,52,Egg & Pumpkin Mix,"peas, beef, mackerel"
doberman,55,9,medium,1,fish,none,none,1820,36,35,29,Tofu & Veggie Stew,"potato, barley, tofu"
beagle,54,5,low,0,none,dry skin,heart disease,910,27,35,38,Egg & Pumpkin Mix,"spinach, chicken, potato"
shih tzu,42,14,medium,0,soy,vomiting,arthritis,1455,34,36,30,Tofu & Veggie Stew,"dairy, turkey, zucchini"
shih tzu,28,12,low,1,none,dry skin,allergies,1084,39,28,33,Paneer & Veg Mix,"potato, mackerel, lentils"
great dane,55,4,low,1,fish,none,none,1575,23,22,55,Tofu & Veggie Stew,"beans, lamb, carrot"
poodle,14,8,high,0,beef,diarrhea,allergies,2163,21,39,40,Duck & Lentils,"carrot, dairy, tofu"
siberian husky,12,13,medium,0,wheat,none,allergies,1551,24,32,44,Beef & Barley,"beef, spinach, pumpkin"
golden retriever,25,9,high,1,fish,none,heart disease,1076,20,22,58,Mackerel & Quinoa,"rice, mackerel, carrot"
shih tzu,10,4,high,1,soy,waxy ears,allergies,1540,24,26,50,Duck & Lentils,"zucchini, potato, beans"
great dane,25,3,low,0,wheat,itchy paws,diabetes,1874,25,25,50,Tofu & Veggie Stew,"carrot, barley, turkey"
beagle,43,8,high,1,wheat,diarrhea,diabetes,1951,21,28,51,Chicken & Sweet Potato,"mackerel, peas, chicken"
dachshund,28,14,medium,0,soy,none,heart disease,2173,20,31,49,Lamb & Oats,"dairy, salmon, turkey"
boxer,37,5,high,1,chicken,soft stool,arthritis,2354,23,34,43,Beef & Barley,"spinach, beef, egg"
german shepherd,22,2,high,0,none,itchy paws,obesity,1752,26,39,35,Mackerel & Quinoa,"potato, beef, salmon"
labrador retriever,32,10,low,0,fish,dry skin,arthritis,2289,20,22,58,Lamb & Oats,"pumpkin, peas, mackerel"
